iau_id,English,Deutsch
and,Andromeda,Andromeda
ant,Antlia,Luftpumpe
aps,Apus,Paradiesvogel
aql,Aquila,Adler
aqr,Aquarius,Wassermann
ara,Ara,Altar
ari,Aries,Widder
aur,Auriga,Fuhrmann
boo,Bootes,Bärenhüter
cae,Caelum,Grabstichel
cam,Camelopardalis,Giraffe
cap,Capricornus,Steinbock
car,Carina,Kiel des Schiffes
cas,Cassiopeia,Kassiopeia
cen,Centaurus,Zentaur
cep,Cepheus,Kepheus
cet,Cetus,Walfisch
cha,Chamaeleon,Chamäleon
cir,Circinus,Zirkel
cma,Canis Major,Großer Hund
cmi,Canis Minor,Kleiner Hund
cnc,Cancer,Krebs
col,Columba,Tauba
com,Coma Berenices,Haar der Berenike
cra,Corona Australis,Südliche Krone
crb,Corona Borealis,Nördliche Krone
crt,Crater,Becher
cru,Crux,Kreuz des Südens
crv,Corvus,Raabe
cvn,Canes Venatici,Jagdhunde
cyg,Cygnus,Schwan
del,Delphinus,Delphin
dor,Dorado,Schwertfisch
dra,Draco,Drache
equ,Equuleus,Füllen
eri,Eridanus,Fluss Eridanus
for,Fornax,Chemischer Ofen
gem,Gemini,Zwillinge
gru,Grus,Kranich
her,Hercules,Herkules
hor,Horologium,Pendeluhr
hya,Hydra,Wasserschlange
hyi,Hydrus,Kleine Wasserschlange
ind,Indus,Inder
lac,Lacerta,Eidechse
leo,Leo,Löwe
lep,Lepus,Haase
lib,Libra,Waage
lmi,Leo Minor,Kleiner Löwe
lup,Lupus,Wolf
lyn,Lynx,Luchs
lyr,Lyra,Leier
men,Mensa,Tafelberg
mic,Microscopium,Mikroskop
mon,Monoceros,Einhorn
mus,Musca,Fliege
nor,Norma,Winkelmaß
oct,Octans,Oktant
oph,Ophiuchus,Schlangenträger
ori,Orion,Orion
pav,Pavo,Pfau
peg,Pegasus,Pegasus
per,Perseus,Perseus
phe,Phoenix,Phönix
pic,Pictor,Maler
psa,Piscis Austrinus,Südlicher Fisch
pup,Puppis,Achterdeck des Schiffes
pyx,Pyxis,Schiffskompass
ret,Reticulum,Netz
scl,Sculptor,Bildhauer
sco,Scorpius,Skorpion
sct,Scutum,Schild
ser1,Serpens Caput,Schlange
ser2,Serpens Cauda,Schlange
sex,Sextans,Sextant
sge,Sagitta,Pfeil
sgr,Sagittarius,Schütze
tau,Taurus,Stier
tel,Telescopium,Teleskop
tra,Triangulum Australe,Südliches Dreieck
tri,Triangulum,Dreieck
tuc,Tucana,Tukan
uma,Ursa Major,Große Bärin
umi,Ursa Minor,Kleiner Bär
vel,Vela,Segel des Schiffes
vir,Virgo,Jungfrau
vol,Volans,Fliegender Fisch
vul,Vulpecula,Fuchs