IC2220,Toby Jug Nebula,Toby Jug Nebel
IC2391,Omicron Velorum Cluster,Omicron Velorum Haufen
IC2431 NED02,Browning,Browning
IC2574,Coddington's Nebula,Coddington's Nebel
IC2602,Theta Carinae Cluster,Theta Carinae Haufen
IC2944,lam Cen Nebula,lam Cen Nebel
IC4604,rho Oph Nebula,rho Oph Nebel
IC4703,"Eagle Nebula,""AdlerNebula",
IC4715,Small Sagittarius Star Cloud,Small Sagittarius Sternwolke
IC5070,Pelican Nebula,Pelikannebel
IC5146,Cocoon Nebula,Cocoonnebel
NGC0040,Bow-Tie Nebula,Bow-Tie Nebel
NGC0104,47 Tucanae,47 Tucanae
NGC0224,Andromeda Galaxy,Andromeda Galaxie
NGC0246,"Skull Nebula, Caldwell 56",Totenkopfnebel
NGC0253,Sculptor Galaxy,Sculptor Galaxie
NGC0292,Small Magellanic Cloud,Kleine Magellansche Wolke
NGC0457,Owl Cluster,Eulenhaufen
NGC0598,"Triangulum Galaxy, Triangulum Pinwheel",Dreiecksgalaxie
NGC0650,"Barbell Nebula, Cork Nebula, Little Dumbbell Nebula",Kleiner Hantelnebel
NGC0869,h Persei Cluster,h Perseihaufen
NGC0884,chi Persei Cluster,chi Perseihaufen
NGC1049,Fornax Dwarf Cluster 3,Fornax Kugelsternhaufen
NGC1275,Perseus A,Perseus A
NGC1316,Fornax A,Fornax A
NGC1317,Fornax B,Fornax B
NGC1432,Maia Nebula,Maja-Nebel
NGC1435,Merope Nebula,Merope-Nebel
NGC1499,California Nebula,Kaliforniennebel 
NGC1555,"Hind's Nebula, Hind's Variable Nebula",Hind's Variabler Nebel
NGC1909,the Witch Head Nebula,Hexenkopfnebel
NGC1952,Crab Nebula,Krebsnebel
NGC1976,"Great Orion Nebula, Orion Nebula",Orionnebel
NGC1977,the Running Man Nebula,Running Man Nebel
NGC1980,Lower Sword,unteres Schert
NGC1981,Upper Sword,oberes Schwert
NGC1982,Mairan's Nebula,Mairan's Nebel
NGC1990,Alnilam,Alnilam
NGC2070,"30 Dor Cluster, Tarantula Nebula",Tarantelnebel
NGC2174,Monkey Head Nebula,Affenkopfnebel
NGC2237,Rosette A,Rosette A
NGC2238,Rosette Nebula,Rosettennebel
NGC2246,Rosette B,Rosette B
NGC2261,Hubble's Nebula,Hubble's Nebel
NGC2264,Christmas Tree Cluster,Weihnachtsbaum-Sternhaufen
NGC2301,Great Bird Cluster,Großer Vogelhaufen
NGC2360,Caroline's Cluster,Carolines Sternhaufen
NGC2392,Eskimo Nebula,Eskimonebel
NGC2537,"Bear Claw Nebula, Bear-Paw Galaxy",Bärentatze
NGC2573,Polarissima Australis,Polarissima Australis
NGC2632,"Beehive, Praesepe Cluster",Praesepehaufen
NGC2685,Helix Galaxy,Helix-Galaxie
NGC2736,Pencil Nebula,Bleistiftnebel
NGC3031,Bode's Galaxy,Bode's Galaxie
NGC3034,Cigar Galaxy,Zigarrengalaxie
NGC3115,Spindle Galaxy,Spindelgalaxie
NGC3132,Eight-Burst Nebula,Eight-Burst Nebel
NGC3172,Polarissima Borealis,Polarissima Borealis
NGC3242,Jupiter's Ghost Nebula,Jupiters Geist
NGC3372,"Carina Nebula, eta Car Nebula",Carina Nebel
NGC3532,Wishing Well Cluster,Wunschbrunnenhaufen
NGC3561,the Guitar,Die Gitarre
NGC3587,Owl Nebula,Eulennebel
NGC3766,Pearl Cluster,Perlenhaufen
NGC3918,Blue Planetary,Blauer Planetarischer Nebel
NGC3928,Miniature Spiral,Kleine Spirale
NGC4038,Antennae Galaxies,Antennae Galaxie
NGC4039,Antennae Galaxies,Antennae Galaxie
NGC4194,Medusa Galaxy Merger,Medusa Galaxie
NGC4254,"Coma Pinwheel, Virgo Cluster Pinwheel",Feuerradgalaxie
NGC4435,Eyes,Augengalaxie
NGC4438,Eyes,Augengalaxie
NGC4486,Virgo Galaxy,Virgo Galaxie
NGC4565,Needle Galaxy,Nadel Galaxie
NGC4567,"Butterfly Galaxies, Siamese Twins","Schmetterlings Galaxie, Siamesische Zwillinge"
NGC4568,"Butterfly Galaxies, Siamese Twins","Schmetterlings Galaxie, Siamesische Zwillinge"
NGC4594,Sombrero Galaxy,Sombrerogalaxie
NGC4609,Coalsack Cluster,Kohlensachnebel
NGC4631,Whale Galaxy,Wal Galaxie
NGC4651,Umbrella Galaxy,Regenschirm-Galaxie
NGC4676,Mice Galaxy,Mäuse Galaxien
NGC4755,"Herschel's Jewel Box, kappa Crucis Cluster",Herschels Schmuckkästchen
NGC4826,"Black Eye Galaxy, Evil Eye Galaxy",Black Eye Galaxie
NGC4990,Cocoon Galaxy,Cocoon-Galaxie
NGC5055,Sunflower Galaxy,Sonnenblumengalaxie
NGC5128,Centaurus A,Centaurus A
NGC5139,Omega Centauri,Omega Centauri
NGC5194,Whirlpool Galaxy,Whirlpool-Galaxie
NGC5236,Southern Pinwheel Galaxy,Südliche Feuerrad-Galaxie
NGC6087,S Normae Cluster,S-Normae Haufen
NGC6188,Firebird Nebula,Feuervogelnebel
NGC6205,Hercules Globular Cluster,Hercules Kugelsternhaufen
NGC6302,"Bug Nebula, Butterfly Nebula",Käfernebel
NGC6309,Box Nebula,Boxnebel
NGC6357,the War and Peace Nebula,Hummernebel
NGC6369,Little Ghost Nebula,Kleiner Geistnebel
NGC6405,Butterfly Cluster,Schmetterlingshaufen
NGC6445,Little Gem,Kleiner Juwelennebel
NGC6475,Ptolemy's Cluster,Ptolemaeus Sternhaufen
NGC6514,Trifid Nebula,Trifidnebel
NGC6523,Lagoon Nebula,Lagunennebel
NGC6537,Red Spider Nebula,RRoter Spinnennebel
NGC6543,Cat's Eye Nebula,Katzenaugennebel
NGC6611,Eagle Nebula,Adlerebel
NGC6618,"Checkmark Nebula, Lobster Nebula, Swan Nebula, omega Nebula",Omeganebel
NGC6705,Wild Duck Cluster,Wildentenhaufen
NGC6720,Ring Nebula,Ringnebel
NGC6741,Phantom Streak Nebula,Phantomstreifennebel
NGC6818,Little Gem Nebula,Little Gem Nebel
NGC6819,Foxhead Cluster,Fuchskopf-Sternhaufen
NGC6822,Barnard's Galaxy,Barnards Galaxie
NGC6826,Blinking Planetary,Blinkender Planetarischer Nebel
NGC6853,Dumbbell Nebula,Hantelnebel
NGC6888,Crescent Nebula,Sichenebel
NGC6905,Blue Flash Nebula,Blauer Blitz Nebel
NGC6946,Fireworks Galaxy,Feurwerksgalaxie
NGC6960,"Veil Nebula, Filamentary Nebula, Western Veil",Cirrusnebel
NGC6992,"Eastern Veil, Network Nebula",Cirrusnebel
NGC6995,"Eastern Veil, Network Nebula",Cirrusnebel
NGC7000,North America Nebula,Nordamerikanebel
NGC7009,Saturn Nebula,Saturnnebel
NGC7023,Iris Nebula,Irisnebel
NGC7114,Schmidt's Nova Cygni,Nova Cygni
NGC7293,Helix Nebula,Helixnebel
NGC7635,Bubble Nebula,Blasennebel
NGC7662,Copeland's Blue Snowball,Blauer Schneeball
B033,Horsehead Nebula,Pferdekopfnebel
C009,Cave Nebula,Höhlennebel
C014,"Double Cluster, h & chi Persei",h & chi Persei
C041,Hyades,Hyaden
C099,Coalsack Nebula,Kohlensacknebel
Cl399,"Brocchi's Cluster, Al Sufi's Cluster, Coathanger Asterism",Kleiderbügelhaufen
ESO056-115,"Large Magellanic Cloud, Nubecula Major",Große Magellansche Wolke
ESO097-013,Circinus Galaxy,Circinusgalaxie
ESO270-017,Fourcade-Figueroa,Fourcade-Figueroa
ESO351-030,Sculptor Dwarf Elliptical,Elliptische Sculptor-Zwerggalaxie
ESO356-004,Fornax Dwarf Spheroidal,Fornax-Zwerggalaxie
HCG079,Seyfert's Sextet,Seyferts Sextett
HCG092,Stephan's Quintet,Stephans Quintett
Mel022,Pleiades,Plejaden
Mel111,Coma Star Cluster,Coma-Berenices-Sternhaufen
PGC000143,Wolf-Lundmark-Melotte Galaxy,Wolf-Lundmark-Melotte-Galaxie
PGC029653,Sextans A,Sextans A
PGC088608,Sextans Dwarf Spheroidal,Sextans-Zwerggalaxie
UGC05373,Sextans B,Sextans B
UGC05470,Leo I,Leo I
