English,Deutsch
star,Stern
deep sky object,Deep Sky Objekt
open cluster,Offener Sternhaufen
globular cluster,Kugelsternhaufen
nebula,Nebel
galaxy,Galaxie
dark nebula,Dunkelnebel
association of stars,Sternassoziation
double star,Doppelstern
emission nebula,Emmissionsnebel
galaxy pair,Galaxienpaar
galaxy triplet,Galaxientriplet
galaxy cluster,Galaxienhaufen
group of galaxies,Galaxiengruppe
hii ionized region,HII-Region
nova star,Nova
planetary nebula,Planetarischer Nebel
reflection nebula,Reflexionsnebel
star cluster nebula,Sternhaufen
supernova remnant,Supernovaüberrest
unknown,unbekannt
Mercury,Merkur
Venus,Venus
Mars,Mars
Jupiter,Jupiter
Saturn,Saturn
Uranus,Uranus
Neptune,Neptun
Pluto,Pluto
Sun,Sonne
Moon,Mond
North,Norden
East,Osten
South,Süden
West,Westen
Ecliptic,Ekliptik
Celestial Equator,Himmelsäquator
N (abbreviation for north),N (Abkürzung für Norden)
E (abbreviation for east),E (Abkürzung für Osten)
S (abbreviation for south),S (Abkürzung für Süden)
W (abbreviation for west),W (Abkürzung für Westen)
Milky Way,Michstrasse
