hip,name,bayer,flamsteed
88,,τ,
122,,θ,
145,,,29
154,,,30
171,,,85
183,,ζ,
186,,,31
194,,,32
301,,,2
330,,,9
355,,,3
443,,,33
476,,,86
531,,,10
635,,,4
664,,,5
677,Alpheratz,α,21
729,,,87
746,Caph,β,11
761,,κ¹,
765,,ε,
813,,,34
814,,γ³,
841,,,22
910,,,6
930,,κ²,
950,,θ,
1067,Algenib,γ,88
1086,,,23
1168,,χ,89
1170,,,7
1196,,,35
1319,,,36
1366,,θ,24
1392,,,38
1473,,σ,25
1501,,,26
1547,Citadelle,,
1562,,ι,8
1595,,,40
1599,,ζ,
1645,,,41
1647,,π,
1686,,ρ,27
1708,,ι,
1772,,,42
1803,,,9
1960,,,12
2006,,,44
2021,,β,
2025,,,45
2072,,κ,
2081,Ankaa,α,
2100,,,10
2210,,η,
2213,,,46
2219,,,47
2224,,,48
2247,Felixvarela,,
2353,,,12
2355,,,28
2472,,λ¹,
2474,,,13
2484,,β¹,
2487,,β²,
2505,,λ,14
2548,,,51
2568,,,52
2578,,β³,
2599,,κ,15
2629,,θ,
2707,,,16
2762,,,13
2787,,,14
2802,,λ²,
2903,,,53
2912,,π,29
2920,Fulu,ζ,17
2994,,,15
3031,,ε,30
3092,,δ,31
3093,,,54
3138,,,55
3179,Schedar,α,18
3231,,,32
3245,,μ,
3277,,ξ,
3300,,ξ,19
3330,,ρ,
3356,,λ¹,
3405,,η,
3414,,π,20
3419,Diphda,β,16
3455,,φ¹,17
3456,,λ²,
3478,,,68
3479,Cocibolca,,
3504,,ο,22
3559,,,18
3572,,,21
3632,,,57
3675,,,58
3685,,,59
3693,,ζ,34
3697,,,60
3721,,,23
3730,,,61
3760,,,62
3781,,λ,
3786,,δ,63
3801,,ν,25
3810,,,64
3821,Achird,η,24
3881,,ν,35
3885,,,65
3909,,φ²,19
3949,,ρ,
4084,,λ¹,
4147,,,20
4257,,,21
4267,,,66
4288,,,36
4292,,υ¹,26
4293,,λ²,
4366,,,67
4371,,φ³,22
4422,Castula,υ²,28
4427,,γ,27
4436,,μ,37
4463,,η,38
4510,,,68
4577,,α,
4587,,φ⁴,23
4770,,ξ,
4829,,ω,
4843,,υ,
4852,,σ,
4889,,σ,69
4903,,,39
4906,,ε,71
4914,,,25
4979,,,26
5054,Nenque,,
5074,,,73
5081,,,72
5121,,,27
5131,,ψ¹,74
5132,,ψ¹,74
5141,,,77
5144,,,77
5164,,,28
5165,,β,
5175,,,76
5204,,,75
5268,,ι,
5296,,,30
5300,,υ,
5310,,ψ²,79
5315,,,29
5317,,,41
5319,,,78
5336,,μ,30
5346,,,80
5348,Wurren,ζ,
5364,,η,31
5372,,,2
5434,,φ,42
5447,Mirach,β,43
5454,,ψ³,81
5485,,,32
5493,,,44
5510,,,33
5518,,,31
5529,Emiw,,
5542,,θ,33
5544,,,82
5550,,,45
5571,,χ,84
5586,,τ,83
5589,,,32
5594,,,34
5646,,,35
5737,Revati,ζ,86
5742,,φ,85
5743,,ζ,86
5778,,,87
5799,,,37
5824,,,88
5833,,,38
5862,,ν,
5896,,κ,
5951,,,39
5985,,,40
6061,,,89
6193,Bharani,υ,90
6226,,,42
6242,,φ,34
6312,,,35
6315,,,91
6411,Adhil,ξ,46
6429,,,43
6514,,,47
6537,,θ,45
6539,,,44
6643,Bélénos,,
6670,,,46
6686,Ruchbah,δ,37
6692,,ψ,36
6706,,ρ,93
6732,,,94
6748,,,47
6813,,ω,48
6815,,,95
6867,,γ,
6960,,,48
6981,,,97
6999,,,49
7007,,μ,98
7078,,,38
7083,,δ,
7097,Alpherg,η,99
7294,,χ,39
7345,,,49
7364,,,100
7436,,,101
7450,,,50
7463,,τ,
7513,Titawin,υ,50
7535,,π,102
7588,Achernar,α,
7607,Nembus,,51
7650,,,40
7710,,,104
7719,,χ,52
7740,,,105
7818,,τ,53
7879,,τ¹,
7884,,ν,106
7955,,π,
7965,,,43
7981,,,107
8016,,,42
8046,,,44
8068,,φ,
8102,,τ,52
8159,,,109
8198,Torcular,ο,110
8209,,ε,
8240,,,120
8271,,,3
8366,,τ²,
8387,,,4
8497,,χ,53
8544,,,1
8588,,,54
8645,Baten Kaitos,ζ,55
8704,,,1
8714,,,2
8751,,η¹,
8796,Mothallah,α,2
8814,,,55
8832,Mesarthim,γ¹,5
8833,,ξ,111
8837,,ψ,
8882,,φ,
8886,Segin,ε,45
8903,Sheratan,β,6
8928,,η²,
8991,,σ,
8993,,,7
9007,,χ,
9009,,ω,46
9021,,,56
9061,,,56
9110,,ι,8
9153,,λ,9
9155,,,58
9165,,,58
9222,,,3
9236,,α,
9326,,,57
9347,,υ,59
9353,,,112
9383,,χ,
9440,,π,
9459,,χ,
9480,,,48
9487,Alrescha,α,113
9505,,,4
9564,,,52
9570,,ε,3
9573,,,53
9589,,,60
9598,,,50
9621,,,10
9631,,,61
9640,Almach,γ¹,57
9677,,ν,
9727,,,47
9763,,,49
9836,,κ,12
9859,,,11
9884,Hamal,α,13
9977,,,58
10031,,,54
10053,,,14
10064,,β,4
10155,,,15
10176,,,59
10180,,,59
10203,,,16
10212,,,64
10220,,,5
10227,,,5
10234,,,63
10280,,,6
10305,,,66
10306,,η,17
10320,,μ,
10324,,ξ¹,65
10328,,,19
10340,,,60
10366,,,6
10418,,π¹,
10438,,,55
10513,,π²,
10535,,,21
10540,,,20
10559,,,7
10602,,φ,
10642,,,67
10644,,δ,8
10670,,γ,9
10718,,,8
10729,,χ,7
10732,,θ,22
10793,,,10
10819,,,62
10826,Mira,ο,68
10944,,,63
11001,,δ,
11021,,,69
11046,,,70
11060,,,9
11072,,κ,
11095,,κ,
11220,,,64
11249,,ξ,24
11258,,λ,
11261,,,71
11279,,,10
11313,,,65
11345,,ρ,72
11407,,κ,
11427,,,25
11432,,,11
11465,,,66
11477,,φ,
11484,,ξ²,73
11486,,,12
11548,,,13
11569,,ι,
11678,,,26
11698,,,27
11757,,μ,
11767,Polaris,α,1
11783,,σ,76
11784,,,14
11791,,,75
11843,,,29
11867,,λ¹,
11918,,ω,
12002,,,77
12048,,,79
12086,,,15
12093,,ν,78
12107,,,80
12122,,ι¹,
12153,,,31
12184,,,30
12186,,λ²,
12189,,,30
12191,Buna,,
12225,,η,
12247,,,81
12288,,ι²,
12332,,ν,32
12387,,δ,82
12390,,ε,83
12394,,ε,
12484,,ζ,
12486,,ι,
12489,,,33
12530,,,84
12623,,,12
12640,,μ,34
12647,,,85
12653,,ι,
12692,,,11
12706,Kaffaljidhma,γ,86
12719,,,35
12768,,,14
12770,,π,89
12777,,θ,13
12784,,,36
12803,,ο,37
12828,,μ,87
12832,,,38
12843,,τ¹,1
12871,,γ,
12876,,ζ,
12961,Koeia,,
13040,,η¹,
13061,Lilii Borea,,39
13108,,,40
13141,,ν,
13147,,β,
13165,,π,42
13192,Nushagak,,
13197,,γ¹,
13202,,γ²,
13209,,,41
13225,,η²,
13244,,ν,
13254,,,16
13265,,η³,
13268,Miram,η,15
13288,Angetenar,τ²,2
13327,,σ,43
13328,,,17
13473,,ψ,
13490,,,20
13531,,τ,18
13579,,ρ¹,44
13654,,,45
13701,Azha,η,3
13702,,ρ,46
13775,,,21
13782,,,4
13834,,,47
13835,,,6
13847,Acamar,θ¹,
13879,,π,22
13884,,β,
13905,,,24
13914,,ε,48
13942,,ζ,
13951,,,5
13954,,λ,91
13993,Ayeyarwady,,
14040,,,7
14060,,ρ¹,8
14086,,ε,
14109,,,49
14131,,θ,
14135,Menkar,α,92
14143,,,93
14146,,τ³,11
14150,,,51
14168,,ρ²,9
14240,,μ,
14293,,ρ³,10
14328,,γ,23
14354,,ρ,25
14376,,,52
14514,,,53
14576,Algol,β,26
14586,,,54
14632,,ι,
14668,Misam,κ,27
14677,,,55
14817,,ω,28
14838,Botein,δ,57
14879,Dalim,α,
14893,,,56
14954,,,94
15110,,ζ,58
15197,Zibal,ζ,13
15201,,ι,
15244,,,14
15330,,ζ¹,
15338,,,30
15371,,ζ²,
15382,,,15
15383,,,95
15404,,,29
15444,,,31
15457,,κ,96
15474,,τ⁴,16
15510,,,82
15514,,,59
15557,,,60
15578,Intan,,
15619,,,97
15627,,τ,61
15648,,,32
15696,,,62
15737,,,63
15861,,,64
15863,Mirfak,α,33
15870,,,65
15900,,ο,1
15987,,χ¹,
16083,,ξ,2
16112,,χ²,
16156,,χ³,
16181,,,66
16244,,,34
16245,,κ,
16322,,,4
16335,,σ,35
16341,,,17
16369,,,5
16499,,,36
16511,,,6
16537,Ran,ε,18
16611,,τ⁵,19
16664,,,7
16803,,,20
16826,,ψ,37
16852,,,10
16859,,,9
17007,,τ,
17027,,,21
17096,Tupi,,
17103,,,12
17167,,,22
17181,,,11
17304,,δ,
17309,,,13
17313,,,40
17358,,δ,39
17378,Rana,δ,23
17408,,,14
17440,,β,
17448,Atik,ο,38
17457,,,24
17489,Celaeno,,16
17499,Electra,,17
17506,,,25
17527,,,18
17529,,ν,41
17531,Taygeta,,19
17563,,,29
17573,Maia,,20
17579,Asterope,,21
17588,,,22
17593,,π,26
17608,Merope,,23
17618,,σ,
17651,,τ⁶,27
17678,,γ,
17702,Alcyone,η,25
17717,,τ⁷,28
17738,,ρ,
17771,,,30
17832,,,26
17847,Atlas,,27
17851,Pleione,,28
17886,,,42
17959,,γ,
18089,,,31
18141,,,30
18216,,τ⁸,33
18246,,ζ,44
18255,,,32
18453,,,43
18471,,,32
18485,,,33
18532,,ε,45
18543,Zaurak,γ,34
18597,,δ,
18614,Menkib,ξ,46
18673,,τ⁹,36
18724,,λ,35
18744,,γ,
18772,,ι,
18788,,,35
18907,,ν,38
18957,,,40
19009,,,36
19038,,,37
19076,,,39
19167,,λ,47
19171,,,41
19205,,ψ,42
19302,,,49
19335,,,50
19343,,,48
19388,,,43
19483,,,37
19513,,,44
19515,,δ,
19554,,,45
19587,Beid,ο¹,38
19719,,,46
19740,,,47
19747,,α,
19777,,,39
19780,Rhombus,α,
19811,,,52
19812,,μ,51
19849,Keid,ο²,40
19860,,μ,49
19877,,,48
19893,,γ,
19921,,ε,
19990,,ω,50
20020,,θ,
20042,,υ⁴,41
20049,,δ,
20087,,,51
20171,,,53
20186,,,56
20205,Prima Hyadum,γ,54
20215,,,55
20219,,,57
20250,,φ,52
20252,,,54
20261,,,58
20297,,ν,
20354,,,53
20384,,η,
20400,,,60
20430,,χ,59
20455,Secunda Hyadum,δ,61
20484,,,63
20507,,ξ,42
20522,,,66
20533,,,62
20535,Beemim,,43
20542,,,64
20579,,,55
20591,,,56
20635,,κ,65
20641,,,67
20648,,,68
20661,,,70
20711,,υ,69
20713,,,71
20732,,π,73
20789,,,72
20873,,,76
20877,,,75
20884,,,44
20885,,θ¹,77
20889,Ain,ε,74
20894,Chamukuy,θ²,78
20901,,,79
20995,,,80
21036,,,83
21039,,,81
21060,,δ,
21082,,,84
21109,Hoggar,,
21137,,,85
21139,,,45
21148,,,1
21242,,,57
21248,,υ¹,50
21273,,ρ,86
21278,,,46
21281,,α,
21296,,,47
21393,Theemin,υ²,52
21402,,,88
21421,Aldebaran,α,87
21444,,ν,48
21476,,,58
21515,,,49
21547,,,51
21588,,,89
21589,,,90
21594,Sceptrum,,53
21673,,σ¹,91
21683,,σ²,92
21727,,,3
21730,,,2
21735,,,93
21763,,,54
21770,,α,
21861,,β,
21881,,τ,94
21914,,λ,
21928,,,59
21949,,μ,
21961,,,95
21986,,,55
21998,,λ,
22024,,,56
22040,,κ,
22109,,μ,57
22263,,,58
22280,,ζ,
22287,,,4
22325,,,59
22441,,,96
22449,Tabit,π³,1
22453,,,1
22479,,,60
22488,,ν,
22491,Mouhoun,,
22509,,π²,2
22531,,ι,
22534,,ι,
22549,,π⁴,3
22565,,,97
22667,,ο¹,4
22678,,,2
22701,,ω,61
22730,,,5
22783,,α,9
22797,,π⁵,8
22833,,,6
22845,,π¹,7
22854,,,5
22871,,η,
22957,,ο²,9
22958,,,62
23015,Hassaleh,ι,3
23040,,,7
23068,,,99
23088,,,98
23123,,π⁶,10
23148,,ξ,
23179,,,4
23214,,,101
23216,,,8
23221,,,63
23231,,,64
23261,,,5
23268,,,6
23364,,ψ,65
23416,Almaaz,ε,7
23453,Saclateni,ζ,8
23467,,β,
23474,,,1
23482,,η¹,
23497,,ι,102
23522,,β,10
23595,,γ,
23596,,γ,
23607,,,11
23649,,η²,
23685,,ε,2
23693,,ζ,
23734,,,11
23743,,,12
23767,Haedus,η,10
23783,,,9
23794,,,66
23835,,,104
23852,,,13
23871,,,106
23875,Cursa,β,67
23879,,,14
23883,,,105
23900,,,103
23941,,,68
23972,,λ,69
23983,,,16
24003,Mago,,
24010,,,15
24244,,ι,3
24305,,μ,5
24327,,κ,4
24331,,ρ,17
24340,,μ,11
24348,,,14
24372,,θ,
24436,Rigel,β,19
24504,,,14
24512,,,108
24555,,,18
24608,Capella,α,13
24659,,ο,
24674,,τ,20
24727,,,16
24740,,,17
24813,,λ,15
24817,,,21
24822,,,109
24829,,ζ,
24832,,,18
24836,,,15
24845,,λ,6
24873,,ν,7
24879,,,19
25044,,,22
25048,,ρ,20
25098,,κ,
25142,,,23
25145,,,23
25192,,,22
25197,,,16
25202,,,8
25216,,,110
25247,,,29
25278,,,111
25281,,η,28
25282,,,27
25292,,σ,21
25302,,,25
25303,,θ,
25336,Bellatrix,γ,24
25410,,,113
25428,Elnath,β,112
25429,,λ,
25473,,ψ,30
25499,,,115
25539,,,114
25541,,φ,24
25555,,,116
25583,,,117
25606,Nihal,β,9
25695,,,118
25737,,,31
25769,,,17
25776,,,31
25813,,,32
25853,,,10
25859,,ε,
25861,,,33
25918,,γ,
25923,,υ,36
25930,Mintaka,δ,34
25945,,,119
25973,,,18
25984,,χ,25
25985,Arneb,α,11
26001,,,28
26064,,,120
26069,,β,
26093,,,35
26126,,,38
26176,,φ¹,37
26207,Meissa,λ,39
26220,,θ¹,41
26221,,θ¹,41
26224,,θ¹,41
26235,,θ²,43
26237,,,42
26241,Hatysa,ι,44
26248,,,121
26264,,ι,
26268,,,45
26311,Alnilam,ε,46
26366,,φ²,40
26380,Bubup,,
26382,,,122
26394,,π,
26408,,,19
26412,,ν¹,
26451,Tianguan,ζ,123
26460,,ν²,
26536,,,26
26549,,σ,48
26563,,,49
26587,,,22
26594,,ω,47
26634,Phact,α,
26640,,,125
26727,Alnitak,ζ,50
26777,,,126
26865,,,12
26885,,,51
26942,,,24
27046,,,23
27072,,γ,13
27100,,δ,
27196,,ο,27
27204,,μ,
27249,,,26
27265,,,129
27283,,,28
27288,,ζ,14
27316,,,131
27321,,β,
27338,,,130
27364,,,133
27366,Saiph,κ,53
27369,,λ,
27386,,,52
27468,,,132
27483,,τ,29
27511,,,134
27530,,γ,
27534,,ε,
27566,,κ,
27581,,,135
27592,,,29
27628,Wazn,β,
27639,,υ,31
27654,,δ,15
27658,,,55
27673,,ν,32
27731,,,30
27743,,,137
27750,,,56
27810,,λ,
27830,,,136
27890,,,36
27913,,χ¹,54
27949,,ξ,30
27965,,,57
27971,,,31
27989,Betelgeuse,α,58
28010,,ξ,
28098,,σ,
28103,,η,16
28199,,γ,
28237,,,139
28271,,,59
28296,,,60
28321,,,1
28325,,,2
28328,,η,
28358,,δ,33
28360,Menkalinan,β,34
28380,Mahasim,θ,37
28404,,π,35
28499,,,36
28561,,,141
28574,,,3
28614,,μ,61
28677,,,38
28691,,,64
28716,,χ²,62
28734,,,1
28756,,,72
28765,,,35
28812,,,63
28814,,,66
28816,,,17
28823,,,39
28909,,η¹,
28910,,θ,18
28946,,,40
28957,,π¹,
28969,,,2
29034,Elkurud,θ,
29038,,ν,67
29048,,,19
29064,,π²,
29134,,ν,
29225,,,3
29246,,,37
29271,,α,
29276,,δ,
29288,,,4
29353,,η²,
29379,,,5
29388,,,41
29426,,ξ,70
29433,,,68
29434,,,69
29450,,,6
29490,,,36
29550,Amadioha,,
29650,,,71
29651,,γ,5
29655,Propus,η,7
29696,,κ,44
29704,,,72
29730,,,40
29736,,,73
29789,,,8
29800,,,74
29807,,κ,
29840,,,9
29850,,,75
29884,,,42
29885,,,6
29919,,,1
29949,,,43
30003,,,10
30046,,,11
30049,,,12
30060,,,2
30073,,,7
30122,Furud,ζ,1
30247,,,45
30272,,,4
30277,,δ,
30278,,,3
30321,,π¹,
30324,Mirzam,β,2
30342,,ν,
30343,Tejat,μ,13
30419,,ε,8
30438,Canopus,α,
30520,,ψ¹,46
30565,,π²,
30679,,,5
30700,,,9
30717,,,77
30720,,,78
30756,,,15
30757,,,15
30769,,,16
30772,,,10
30788,,λ,
30827,,,48
30860,Lucilinburhuc,,
30867,,β,11
30883,,ν,18
30905,Lusitânia,,
30932,,,61
30972,,,47
31039,,,6
31105,,,19
31125,,ξ¹,4
31137,,μ,
31158,,,20
31159,,,12
31216,,,13
31359,,,7
31385,,,14
31416,,ξ²,5
31434,,,49
31525,,,23
31564,,ν¹,6
31592,,ν²,7
31665,,,11
31676,,,8
31681,Alhena,γ,24
31685,Pipit,ν,
31700,,ν³,8
31737,,,53
31771,,,51
31789,,ψ³,52
31832,,ψ²,50
31852,,,54
31895,Nosaxa,,
31897,,ζ,
31978,,,15
32019,,,25
32104,,,26
32173,,ψ⁴,55
32246,Mebsuta,ε,27
32249,,,30
32292,,,10
32311,,,28
32349,Sirius,α,9
32362,Alzirr,ξ,31
32404,,,32
32438,,,12
32463,,,16
32480,,ψ⁵,56
32489,,,13
32492,,,11
32504,,,12
32533,,,17
32562,,ψ⁶,57
32578,,,18
32607,,α,
32753,,,33
32759,,κ,13
32768,,τ,
32814,,,35
32844,,ψ⁷,58
32864,,,42
32912,,ι,
32916,Nervia,,
32921,,,36
33018,,θ,34
33041,,,59
33048,,,14
33064,,,60
33092,,,15
33104,,,43
33133,,ψ⁸,61
33152,,ο¹,16
33160,,θ,14
33202,,,38
33248,,,17
33277,,,37
33302,,π,19
33345,,μ,18
33347,,ι,20
33377,,ψ⁹,
33384,,θ,
33449,,,15
33485,,,16
33579,Adhara,ε,21
33595,,,39
33614,,,62
33650,,,40
33715,,,41
33719,Citalá,,
33779,,,23
33856,Unurgunite,σ,22
33927,,ω,42
33971,,,19
33977,,ο²,24
34045,Muliphein,γ,23
34088,Mekbuda,ζ,43
34182,,,44
34440,,,45
34444,Wezen,δ,25
34473,,γ¹,
34481,,γ²,
34572,,,17
34622,,,20
34693,,τ,46
34722,,,47
34724,,,21
34752,,,63
34769,,δ,22
34798,,,26
34819,,,48
34861,,,49
34909,,,51
34981,,,27
35025,,,52
35037,,ω,28
35080,,,24
35146,,,18
35152,,,53
35210,,,145
35228,,δ,
35264,,π,
35341,,,64
35350,,λ,54
35412,,,29
35415,,τ,30
35550,Wasat,δ,55
35699,,,56
35710,,,65
35726,,,20
35735,,,47
35783,,,19
35785,,,19
35842,,,58
35846,,,57
35904,Aludra,η,31
35907,,,66
35941,,,59
35987,,,1
36039,,ε,
36041,,ε,2
36046,,ι,60
36145,,,21
36156,,,61
36188,Gomeisa,β,3
36238,,,63
36265,,η,5
36284,,γ,4
36366,,ρ,62
36377,,σ,
36393,,,64
36425,,,6
36429,,,65
36439,,,22
36641,,δ¹,7
36723,,δ²,8
36760,,,68
36812,,δ³,9
36850,Castor,α,66
36962,,υ,69
37088,,,25
37204,,,70
37229,,κ¹,
37265,Jishui,ο,71
37279,Procyon,α,10
37284,Ceibo,,
37300,,,74
37379,,,140
37406,,,23
37447,,α,26
37504,,ζ,
37609,,,24
37629,,σ,75
37648,,,1
37677,,,3
37704,,,76
37740,,κ,77
37811,,,79
37826,Pollux,β,78
37842,,,2
37843,,,2
37853,,,171
37891,,,4
37908,,,81
37921,,,11
37934,,,49
37949,,,51
38016,,π,80
38041,Tapecue,,
38048,,,5
38070,,ο,
38106,,,82
38146,,,188
38170,Azmidi,ξ,7
38211,,,6
38372,,,8
38373,,ζ,13
38382,,,9
38423,,,212
38427,,,10
38538,,φ,83
38623,,,25
38639,,,26
38722,,,85
38827,,χ,
38835,,,11
38848,,,1
38901,,χ,
38962,,,14
39023,,,12
39079,,,27
39177,,,3
39191,,ω,2
39211,,,28
39236,,,5
39261,,,53
39263,,,4
39348,,,54
39424,,χ,
39429,Naos,ζ,
39524,,,14
39567,,,8
39659,,,9
39722,,,28
39757,Tureis,ρ,15
39780,,μ,10
39794,,ε,
39847,,,27
39863,,ζ,29
39874,,,12
39906,,,16
39953,Regor,γ²,
40007,,ψ¹,13
40023,,ψ,14
40035,,,18
40084,,,19
40167,Tegmine,ζ¹,16
40215,,,55
40240,,,15
40259,,,20
40282,,,16
40474,,,56
40526,Tarf,β,17
40604,,,21
40646,,,29
40687,Násti,,
40702,,α,
40772,,,57
40817,,κ¹,
40834,,κ²,
40843,,χ,18
40875,,,30
40881,Piautos,λ,19
40888,,θ,
41003,,η,
41037,Avior,ε,
41067,,,22
41075,Alsciaukat,,31
41117,,,20
41163,,,21
41211,,,1
41312,,β,
41319,,,25
41375,,,2
41377,,φ¹,22
41389,,,24
41400,,,27
41404,,φ²,23
41574,,,28
41578,,,29
41704,Muscida,ο,1
41816,,υ¹,30
41822,,θ,31
41904,,,34
41909,,η,33
41940,,υ²,32
41975,,,32
42080,,,2
42090,,,33
42133,,,35
42146,,,3
42265,,,36
42313,,δ,4
42334,,η,
42353,,,37
42402,Minchir,σ,5
42425,,θ,
42438,,π¹,3
42446,Gakyid,,
42483,,ζ,
42485,,,38
42509,,,6
42515,,β,
42516,,,39
42523,,,40
42527,,π²,4
42536,,ο,
42556,Meleph,ε,41
42578,,,42
42604,,,34
42637,,η,
42662,,,9
42794,,,9
42795,,,45
42799,,η,7
42806,Asellus Borealis,γ,43
42828,,α,
42911,Asellus Australis,δ,47
42913,Alsephina,δ,
42917,,,49
42931,,,10
42954,,,46
43067,,,12
43100,,ι,48
43103,,ι,48
43109,Ashlesha,ε,11
43121,,,50
43234,,ρ,13
43305,,,14
43409,,γ,
43454,,,54
43463,,,52
43496,,,15
43531,,,35
43575,,,53
43584,,σ¹,51
43587,Copernicus,ρ¹,55
43644,,,5
43674,Stribor,,
43721,,,57
43813,,ζ,16
43822,,,17
43825,,δ,
43834,,ρ²,58
43851,,,60
43903,,,6
43908,,ζ,
43932,,σ²,59
43970,,ο¹,62
44001,,ο²,63
44031,,,61
44066,Acubens,α,65
44127,Talitha,ι,9
44154,,σ³,64
44248,,,10
44307,,,66
44342,,,67
44382,,α,
44390,,ρ,8
44405,,ν,69
44471,Alkaphrah,κ,12
44512,,,70
44659,,ω,18
44798,,κ,76
44816,Suhail,λ,
44818,,τ,72
44824,,κ,
44838,,,74
44857,,σ¹,11
44883,,,19
44892,,,75
44901,,,15
44946,Nahn,ξ,77
44961,,,20
45001,,ε,
45033,,,79
45038,,σ²,13
45075,,τ,14
45153,,,80
45170,,,81
45184,,,21
45238,Miaplacidus,β,
45290,,,36
45333,,,16
45336,,θ,22
45410,,π,82
45455,,,17
45493,,,18
45526,,,24
45527,,,23
45556,Aspidiske,ι,
45588,,,25
45688,,,38
45699,,,83
45751,,,26
45811,,,27
45836,,,37
45860,,α,40
45902,,θ,
45941,Markeb,κ,
46026,,λ,
46107,,ι,
46146,,κ,1
46221,,,28
46365,,,29
46390,Alphard,α,30
46454,,ω,2
46457,,,3
46471,Intercrus,,41
46509,,τ¹,31
46515,,ε,
46651,,ψ,
46652,,,7
46657,,ζ¹,
46733,,,23
46734,,ζ²,
46735,,,8
46750,Alterf,λ,4
46771,,ξ,5
46774,,,6
46776,,τ²,32
46853,,θ,25
46904,,,9
46928,,ζ,
46952,,,10
46977,,,24
46982,,,33
47006,,,26
47013,,,22
47080,,,11
47087,Illyrian,,
47096,,,7
47189,,,8
47202,Kalausi,,
47205,,,10
47247,,,9
47249,,,34
47266,,,11
47300,,,42
47310,,,2
47427,,,37
47431,Ukdah,ι,35
47452,,κ,38
47508,Subra,ο,14
47550,,,13
47570,,,43
47631,,,13
47654,,,27
47701,,,15
47723,,ψ,16
47758,,θ,
47908,,ε,17
47911,,,28
47956,,ν,
47959,,,18
47965,,,44
47973,,,14
48002,,υ,
48029,,,19
48113,,,15
48218,,,20
48235,Natasha,,
48256,,,16
48273,,,4
48319,,υ,29
48324,,,23
48341,,,6
48356,Zhang,υ¹,39
48390,,,22
48402,,φ,30
48414,,,7
48437,,γ,8
48455,Rasalas,μ,24
48552,,,9
48615,Felis,,
48682,,,31
48711,Bibhā,,
48742,,,18
48774,,φ,
48833,,,19
48883,,ν,27
48926,,η,
48990,,,12
49029,,π,29
49065,,μ,
49081,,,20
49326,,μ²,
49329,,,13
49402,,υ²,40
49530,,,14
49583,,η,30
49593,,,21
49637,Yunü (Yunu),,31
49641,,α,15
49669,Regulus,α,32
49812,,,17
49841,,λ,41
49865,,,18
49929,,,34
50027,,,19
50099,,ω,
50100,,,20
50140,,,21
50218,,,22
50303,,,23
50316,,,24
50319,,,35
50333,,,37
50335,Adhafera,ζ,36
50372,Tania Borealis,λ,33
50384,,,39
50414,,ε,22
50448,,,32
50564,,,40
50583,Algieba,γ¹,41
50684,,,23
50755,,,42
50801,Tania Australis,μ,34
50851,,,43
50860,,,27
50885,,,25
50935,,,28
51008,,,44
51047,,,29
51056,,,30
51069,,μ,42
51117,,,26
51135,,,27
51172,,α,
51213,,,45
51233,,β,31
51362,,δ,29
51376,,δ,
51401,,,35
51420,,,32
51437,,β,30
51451,,,31
51459,,,36
51556,,,33
51585,,,46
51614,,φ¹,
51624,Shaomin,ρ,47
51685,,,34
51718,,,44
51775,,,48
51802,,,49
51814,,,37
51839,,γ,
51905,,φ²,
51914,,,35
52032,,,36
52085,,φ,
52098,,,37
52139,,,38
52316,,,33
52353,,,38
52401,,,34
52419,,θ,
52422,,,40
52452,,,35
52457,,,41
52478,,,39
52521,Macondo,,
52584,,,36
52595,,δ¹,
52633,,δ²,
52638,,,42
52650,,,40
52660,,,37
52685,,,41
52686,,,51
52689,,,52
52727,,μ,
52882,,,43
52911,,,53
52913,,,40
52943,,ν,
52959,,,44
52980,,,41
53043,,,43
53064,,,42
53229,Praecipua,,46
53261,,,44
53295,,ω,45
53355,,,48
53377,,,47
53417,,,54
53423,,,55
53426,,,46
53449,,,56
53492,,,50
53502,,ι,
53702,,η,
53721,Chalawan,,47
53740,Alkes,α,7
53807,,,58
53824,,,59
53838,,,49
53907,,,61
53910,Merak,β,48
53954,,,60
54049,,,62
54061,Dubhe,α,50
54136,,,51
54158,Dingolay,,
54182,,χ,63
54196,,,51
54204,,χ¹,
54255,,χ²,
54336,,,65
54347,,,52
54388,,,64
54487,,,67
54539,,ψ,52
54682,,β,11
54742,,ψ,
54849,,,69
54872,Zosma,δ,68
54879,Chertan,θ,70
54951,,,72
55016,,,73
55084,,φ,74
55137,,,75
55174,Hunahpú,,
55203,Alula Australis,ξ,
55219,Alula Borealis,ν,54
55249,,,76
55266,,,55
55282,,δ,12
55425,,π,
55434,,σ,77
55533,,,71
55560,,,56
55598,,λ,13
55642,,ι,78
55650,,,79
55664,Shama,,
55687,,ε,14
55705,,γ,15
55765,,,81
55791,,,80
55846,,,83
55874,,κ,16
55945,,τ,84
56034,,,57
56080,,,85
56127,,,87
56146,,,86
56148,,,58
56211,Giausar,λ,1
56242,,,88
56243,,ο¹,
56250,,ο²,
56280,,,17
56343,,ξ,
56445,,,89
56473,,,90
56508,Formosa,,
56561,,λ,
56572,Sagarmatha,,
56583,,,2
56633,,θ,21
56647,,υ,91
56675,,π,
56770,,,59
56779,,ω,1
56789,,,60
56802,,ι,24
56922,,ο,
56975,,,92
56997,,,61
57029,,,62
57111,,,3
57283,,ζ,27
57291,Uklun,,
57328,,ξ,2
57363,,λ,
57370,Flegetonte,,
57380,,ν,3
57399,Taiyangshou,χ,63
57562,,,4
57565,,,93
57581,,μ,
57632,Denebola,β,94
57757,Zavijava,β,5
57820,Aniara,,
57936,,β,
58001,Phecda,γ,64
58110,,,6
58112,,,65
58117,,,65
58159,,,95
58181,,,66
58188,,η,30
58484,,ε,
58510,,,7
58587,,,31
58590,,π,8
58661,,,1
58684,,,67
58758,,θ¹,
58799,,,89
58858,,,2
58867,,θ²,
58905,,κ,
58948,,ο,9
58952,Tonatiuh,,
59072,,η,
59196,,δ,
59199,Alchiba,α,1
59285,,,10
59309,,,11
59316,,ε,2
59352,,,3
59394,,,3
59449,,ρ,
59458,,,68
59468,,,4
59501,,,5
59608,,,12
59708,,,1
59747,Imai,δ,
59774,Megrez,δ,69
59803,Gienah,γ,4
59819,,,6
59831,,,2
59847,,,7
59929,,ε,
60000,,β,
60009,,ζ,
60030,,,13
60087,,,8
60098,,,9
60122,,,3
60123,,,10
60129,Zaniah,η,15
60172,,,16
60189,,ζ,5
60202,,,11
60212,,,70
60260,Ginan,ε,
60320,,ζ²,
60329,,ζ¹,
60351,,,12
60353,,,17
60425,,,6
60467,,,4
60485,,,5
60514,,,13
60584,,,71
60644,Tupã,,
60646,,,6
60697,,,14
60712,,,72
60718,Acrux,α¹,
60742,,γ,15
60746,,,16
60795,,,73
60823,,σ,
60891,,,17
60904,,,17
60941,,,18
60957,,,20
60965,Algorab,δ,7
60978,,,74
60988,,,7
60992,,,75
60998,,,4
61071,,,21
61084,Gacrux,γ,
61136,,,35
61174,,η,8
61177,Funi,,
61199,,γ,
61246,,,20
61281,,κ,5
61295,,,22
61317,Chara,β,8
61318,,,21
61359,Kraz,β,9
61384,,,6
61394,Phyllon Kissinou,,23
61415,,,24
61418,,,24
61558,,,25
61571,,,25
61585,,α,
61622,,τ,
61692,,,9
61724,,,26
61740,,χ,26
61932,,γ,
61936,,,76
61937,,,27
61941,Porrima,γ,29
61960,,ρ,30
61966,,,39
61968,,,31
61969,,,28
62207,,,10
62223,La Superba,,
62267,,,32
62268,,ι,
62322,,β,
62325,,,33
62356,,,27
62394,,,34
62423,Tianyi,,7
62434,Mimosa,β,
62443,,,35
62478,,,28
62516,,,11
62541,,,29
62576,,,30
62757,,,37
62763,,,31
62807,,,32
62875,,,38
62886,,,35
62931,,κ,
62933,,,41
62956,Alioth,ε,77
62985,,ψ,40
63003,,μ¹,
63005,,μ²,
63007,,λ,
63031,,ι,
63076,Taiyi,,8
63090,Minelauva,δ,43
63121,,α¹,12
63125,Cor Caroli,α²,12
63355,,,36
63414,,,44
63432,,,9
63462,,,37
63494,,,46
63503,,,78
63533,,,38
63608,Vindemiatrix,ε,47
63613,,δ,
63724,,ξ¹,
63750,,,48
63901,,,14
63948,,,39
63950,,,40
64004,,ξ²,
64022,,,41
64078,,,49
64094,,θ,
64166,,ψ,45
64217,,,15
64224,,,50
64238,,θ,51
64241,Diadem,α,42
64246,,,17
64394,,β,43
64407,,,53
64520,,,54
64577,,,55
64625,,,56
64661,,η,
64692,,,19
64725,,,57
64792,,,59
64844,,,20
64852,,σ,60
64906,,,21
64924,,,61
64962,,γ,46
65072,,,23
65074,,,62
65109,,ι,
65241,,,64
65301,,,63
65323,,,65
65378,Mizar,ζ,79
65420,,,66
65468,,ι¹,
65474,Spica,α,67
65477,Alcor,,80
65581,,,68
65628,,ι²,
65639,,,69
65721,,,70
65790,,,71
65892,,,72
66006,,,74
66015,,,73
66047,Dofida,,
66091,,,75
66098,,,76
66131,,,77
66192,Liesma,,
66198,,,81
66200,,,78
66234,,,24
66249,Heze,ζ,79
66320,,,80
66458,,,25
66634,,,82
66657,,ε,
66727,,,1
66738,,,83
66753,,κ,
66763,,,2
66803,,,82
66936,,,84
67057,,,83
67139,,,85
67153,,,1
67172,,,86
67231,,,84
67239,,,3
67275,,τ,4
67288,,,87
67301,Alkaid,η,85
67457,,,2
67459,,υ,5
67464,,ν,
67472,,μ,
67480,,,6
67494,,,89
67627,,,10
67669,,,3
67786,,,4
67787,,,7
67848,,,86
67927,Muphrid,η,8
67929,,,90
68002,Leepwal,ζ,
68092,,,92
68103,,,9
68245,,φ,
68269,,,47
68276,,,10
68282,,υ¹,
68390,,,48
68478,,,11
68520,,τ,93
68523,,υ²,
68702,Hadar,β,
68756,Thuban,α,11
68815,,θ,
68862,,χ,
68888,,,94
68895,,π,49
68933,Menkent,θ,5
68940,,,95
68956,,,3
69068,,,13
69112,,,4
69127,,,96
69226,,,12
69415,,,50
69427,Kang,κ,98
69481,,κ¹,17
69483,,κ²,17
69536,,,14
69612,,,15
69673,Arcturus,α,16
69701,Syrma,ι,99
69713,,ι,21
69732,Xuange,λ,19
69829,,,101
69896,,η,
69974,Khambalia,λ,100
69989,,,18
69996,,ι,
70012,,υ,102
70027,,,20
70090,,ψ,
70248,,ε,
70306,,,51
70336,,,2
70497,,θ,23
70574,,τ¹,
70576,,τ²,
70602,,,22
70638,,δ,
70680,,,104
70692,,,5
70753,,,52
70755,Elgafar,φ,105
70791,,,24
70794,,,106
70890,Proxima Centauri,,
71053,,ρ,25
71075,Seginus,γ,27
71115,,,26
71121,,σ,
71284,,σ,28
71352,,η,
71536,,ρ,
71618,,,33
71681,Toliman,α,
71683,Rigil Kentaurus,α,
71762,,π¹,29
71795,,ζ,30
71832,,,31
71837,,,32
71860,Uridim,α,
71908,,α,
71957,,μ,107
71974,,,4
71995,,,34
72105,Izar,ε,36
72125,,ο,35
72154,,,108
72194,,,5
72197,,,54
72220,,,109
72323,,,55
72339,Mönch,,
72357,,,56
72370,,α,
72378,,,57
72487,Merga,,38
72489,,μ,7
72524,,,39
72571,,,58
72603,,α¹,8
72607,Kochab,β,7
72622,Zubenelgenubi,α²,9
72631,,,11
72659,,ξ,37
72683,,ο,
72845,Arcalís,,
72929,,,12
72934,,ξ¹,13
72965,,ζ,
73129,,θ,
73133,,ξ²,15
73136,Baekdu,,8
73165,,,16
73193,,,1
73249,,,17
73273,,β,
73284,,,59
73310,,,18
73334,,κ,
73369,,,40
73440,,,9
73473,,δ,19
73536,,,2
73540,,π¹,
73555,Nekkar,β,42
73566,,,60
73568,,ω,41
73620,,,110
73695,,,44
73714,Brachium,σ,20
73745,,ψ,43
73771,,π²,
73776,,η,
73807,,π,
73841,,,47
73945,,ν,21
73953,,,22
73996,,,45
74087,,,46
74117,,λ,
74296,,ω,
74376,,κ¹,
74380,,κ²,
74392,,ι,24
74395,,ζ,
74493,,,25
74500,,,23
74596,,χ,48
74600,,,26
74604,,,1
74649,,,3
74666,,δ,49
74689,,,4
74778,,δ,
74785,Zubeneschamali,β,27
74793,,,11
74824,,β,
74837,,ε,
74857,,,2
74911,,μ,
74946,,γ,
74961,Nikawiy,,
74975,,,5
75049,,ο,1
75097,Pherkad,γ,13
75110,,,28
75118,,ο,29
75119,,,6
75141,,δ,
75152,,,14
75177,,φ¹,
75178,,,50
75181,,ν²,
75206,,ν¹,
75230,,,7
75264,,ε,
75294,,,30
75304,,φ²,
75312,,η,2
75323,,γ,
75342,,,8
75379,,ε,31
75411,Alkalurops,μ¹,51
75415,,μ²,51
75439,,υ,
75458,Edasich,ι,12
75530,,τ¹,9
75695,Nusakan,β,3
75730,,,32
75761,,,10
75809,,π¹,
75829,,π¹,
75848,,,33
75944,,,34
75973,,ν¹,52
76008,,θ,15
76013,,κ¹,
76041,,ν²,53
76069,,τ²,12
76126,,ζ,35
76127,,θ,4
76133,,,11
76219,,,37
76259,,,36
76267,Alphecca,α,5
76276,,δ,13
76297,,γ,
76307,,μ,6
76333,Zubenelhakrabi,γ,38
76337,,τ³,15
76351,Karaka,,
76423,,τ⁴,17
76424,,τ⁵,18
76425,,,16
76427,,,14
76440,,ε,
76470,,υ,39
76534,,φ,54
76552,,ω,
76600,,τ,40
76628,,,41
76669,,ζ²,7
76695,,π²,
76705,,ψ¹,3
76742,,,42
76750,,κ²,
76810,,τ⁶,19
76852,,ι,21
76866,,χ,20
76878,,τ⁷,22
76880,,κ,43
76945,,ψ²,4
76952,,γ,8
76996,,ρ,
77048,,π,9
77052,,ψ,23
77055,,ζ,16
77060,,η,44
77070,Unukalhai,α,24
77111,,τ⁸,26
77227,,,25
77233,,β,28
77257,,λ,27
77336,,υ,31
77450,Gudja,κ,35
77464,,,30
77512,,δ,10
77516,,μ,32
77578,,ω,34
77622,,ε,37
77634,,χ,5
77635,,,1
77655,,κ,11
77660,,,36
77661,,ρ,38
77760,,χ,1
77801,,,39
77811,,λ,45
77840,,,2
77853,,θ,46
77907,,,2
77909,,,3
77910,,,40
77939,,,47
77952,,β,
77982,,κ,
77984,,,4
77986,,,4
78012,,λ,12
78072,,γ,41
78104,Iklil,ρ,5
78105,,ξ¹,
78106,,ξ²,
78132,,φ,
78159,,ε,13
78207,,,48
78265,Fang,π,6
78384,,η,
78400,,,49
78401,Dschubba,δ,7
78436,,,50
78459,,ρ,15
78481,,,5
78493,,ι,14
78527,,θ,13
78554,,π,44
78592,,υ,6
78639,,η,
78661,,,18
78662,,ι¹,
78685,,,43
78820,Acrab,β¹,8
78821,,β²,8
78914,,δ,
78918,,θ,
78933,,ω¹,9
78990,,ω²,10
79005,,,11
79007,,,45
79043,Marsic,κ,7
79045,,κ,7
79047,,,46
79072,,,47
79101,,φ,11
79102,,,8
79119,,τ,16
79153,,ι²,
79219,Kamuy,,
79248,,,14
79280,,,19
79349,,,10
79374,Jabbah,ν,14
79375,,ψ,15
79387,,,16
79399,,,12
79404,,,13
79420,,,20
79431,Sharjah,,
79488,,,9
79490,,,39
79492,,,49
79497,,ζ,
79509,,κ,
79540,,χ,17
79593,Yed Prior,δ,1
79607,,σ,17
79634,,,13
79653,,θ,
79664,,δ,
79666,,,16
79672,,,18
79757,,υ,18
79790,,γ¹,
79822,,η,21
79882,Yed Posterior,ε,2
79889,,,19
79963,,λ,
79992,,τ,22
80000,,γ²,
80047,,δ¹,
80057,,δ²,
80079,,ο,19
80112,Alniyat,σ,20
80170,,γ,20
80179,,σ,50
80181,,ξ,19
80197,,ν¹,20
80214,,ν²,21
80247,,,23
80331,Athebyne,η,14
80343,,ψ,4
80351,,,21
80460,,,25
80463,Cujam,ω,24
80473,,ρ,5
80569,,χ,7
80582,,ε,
80628,,υ,3
80645,,ι,
80650,,,15
80686,,ζ,
80687,Timir,,
80704,,,30
80763,Antares,α,21
80809,,,34
80815,,,22
80816,Kornephoros,β,27
80838,Ogma,,
80883,Marfik,λ,10
80894,,φ,8
80927,,,31
80975,,ω,9
81007,,,28
81008,,,29
81022,Rosaliadecastro,,
81065,,γ,
81066,,,32
81122,,μ,
81126,,σ,35
81252,,θ,
81266,Paikauhale,τ,23
81290,,,16
81292,,,17
81300,,,12
81377,,ζ,13
81497,,,42
81634,,,36
81641,,,37
81660,,,18
81693,,ζ,40
81710,,η¹,
81724,,,24
81729,,,39
81734,,,14
81833,,η,44
81852,,β,
81991,,,41
82037,,,16
82073,,,43
82080,,ε,22
82140,,,25
82162,,,19
82216,,,45
82273,Atria,α,
82321,,,52
82324,,,48
82363,,η,
82369,,,20
82396,Larawag,ε,26
82402,,,47
82422,,,50
82480,,,21
82504,,,51
82514,Xamidimura,μ¹,
82526,,,49
82545,Pipirima,μ²,
82587,,,53
82651,Mahsati,,
82671,,ζ¹,
82673,,ι,25
82729,,ζ²,
82730,,,23
82780,,,56
82802,,,54
82860,,,19
82898,,,20
82925,,,24
82960,,,27
82987,,,57
83000,,κ,27
83081,,ζ,
83153,,ε¹,
83196,,,26
83207,,ε,58
83262,,,30
83313,,,59
83331,,,29
83430,,,32
83431,,ε²,
83462,,,61
83547,Rapeto,,
83608,Alrakis,μ,21
83613,,,60
83895,Aldhibah,ζ,22
84012,Sabik,η,35
84054,,,63
84143,,η,
84177,,,37
84345,Rasalgethi,α¹,64
84379,Sarin,δ,65
84380,,π,67
84405,Guniibuu,,36
84500,,,38
84514,,,41
84535,,λ,
84573,,,68
84606,,,69
84625,,ο,39
84626,,ο,39
84787,Inquill,,
84835,,,74
84862,,,72
84880,,ν,53
84887,,,70
84893,,ξ,40
84969,,ζ,
84970,,θ,42
84979,,ι,
85079,,ι,
85084,,,43
85112,,ρ,75
85157,,,73
85258,,β,
85267,,γ,
85312,,κ,
85340,,,44
85355,,σ,49
85365,,,47
85379,,,77
85423,,,45
85670,Rastaban,β,23
85693,Maasym,λ,76
85696,Lesath,υ,34
85699,,,24
85727,,δ,
85755,,,51
85790,,,78
85792,,α,
85805,,,27
85819,,ν¹,24
85822,Yildun,δ,23
85829,,ν²,25
85852,,,29
85927,Shaula,λ,35
85998,,,53
86032,Rasalhague,α,55
86036,,,26
86060,,,52
86092,,σ,
86182,,,82
86201,,ω,28
86228,Sargas,θ,
86254,,,79
86263,,ξ,55
86284,,μ,57
86305,,π,
86414,,ι,85
86486,,λ,
86565,,ο,56
86614,Dziban,ψ,31
86620,,ψ,31
86667,,,83
86670,,κ,
86731,,,84
86736,,,58
86742,Cebalrai,β,60
86782,Alruba,,
86796,Cervantes,μ,
86831,,,61
86929,,η,
86974,,μ,86
87072,,,3
87073,,ι¹,
87108,Bake-eo (or Bake Eo),γ,62
87194,,,87
87212,,,30
87234,,,35
87261,Fuyue,,
87280,,,88
87294,,ι²,
87314,,υ¹,
87379,,υ²,
87563,,,90
87585,Grumium,ξ,32
87706,,,63
87728,,,34
87747,,,89
87808,,θ,91
87833,Eltanin,γ,33
87933,,ξ,92
87937,Barnard's Star,,
87998,,ν,94
88048,,ν,64
88116,,,4
88127,,,40
88128,,,93
88136,,,41
88149,,,66
88175,,ζ,57
88192,,,67
88258,,,6
88267,,,95
88290,,,68
88331,,,96
88346,,,97
88380,,,7
88404,,τ,69
88414,Pincoya,,
88469,,,9
88601,,,70
88635,Alnasl,γ,10
88657,,,98
88714,,θ,
88745,,,99
88765,,,71
88771,,,72
88794,,ο,103
88817,,,100
88818,,,100
88866,,π,
88886,,,102
88899,,,101
88964,,,73
89042,,ι,
89112,,ε,
89153,,,11
89172,,,104
89341,Polis,μ,13
89348,,,36
89369,,,14
89439,,,15
89440,,,16
89448,,,37
89567,,,17
89594,,,38
89642,,η,
89773,,,105
89826,,κ,1
89861,,,106
89908,,φ,43
89918,,,74
89925,,,108
89931,Kaus Media,δ,19
89935,,,107
89937,,χ,44
89962,,η,58
90004,Alasia,,
90098,,ξ,
90133,,φ,
90135,,ζ,
90139,,,109
90156,,,39
90185,Kaus Australis,ε,20
90191,,μ,2
90260,,,18
90289,,,21
90344,Fafnir,,42
90422,,α,
90441,,,59
90496,Kaus Borealis,λ,22
90568,,ζ,
90595,,γ,
90642,,,60
90797,,ν,
90830,,δ¹,
90844,,,61
90853,,δ²,
90905,,,45
90968,,κ²,
90969,,κ¹,
90982,,θ,
91004,,,24
91066,,,25
91117,,α,
91262,Vega,α,3
91689,,,26
91726,,δ,
91755,,,46
91792,,ζ,
91845,,ε,
91852,Xihe,,
91875,,λ,
91919,,ε¹,4
91926,,ε²,5
91971,,ζ¹,6
91973,,ζ²,7
91975,,,4
92041,,φ,27
92043,,,110
92111,,,28
92112,,,50
92117,,,5
92161,,,111
92175,,β,
92204,,,205
92226,,μ,
92294,,θ,
92308,,η¹,
92382,,η²,
92390,,,29
92398,,ν¹,8
92405,,ν,9
92420,Sheliak,β,10
92480,,,30
92512,,ο,47
92524,,,8
92609,,λ,
92614,,,112
92646,,κ,
92728,,δ¹,11
92747,,,33
92761,Ainalrami,ν¹,32
92782,,υ,52
92791,,δ²,12
92818,,,113
92824,,χ,
92845,,ν²,35
92855,Nunki,σ,34
92862,,,13
92872,,,62
92895,Kaveh,,
92946,Alya,θ¹,63
92951,,θ²,63
92997,,,48
93015,,κ,
93026,,η,
93051,,,64
93057,,ξ¹,36
93085,,ξ²,37
93148,,λ,
93163,,ω,
93174,,ε,
93179,,,10
93194,Sulafat,γ,14
93203,,,11
93244,,ε,13
93279,,λ,15
93340,,,49
93408,,,16
93429,,,12
93506,Ascella,ζ,38
93526,,,14
93542,,ζ,
93683,,ο,39
93713,,,51
93717,,,15
93747,Okab,ζ,17
93805,,λ,16
93815,,ρ,
93825,,γ,
93864,,τ,40
93867,,,18
93903,,ι,18
93917,,,17
94005,,δ,
94068,,,19
94083,,,59
94114,Meridiana,α,
94140,,,55
94141,Albaldah,π,41
94160,,β,
94302,,,53
94311,,,19
94376,Altais,δ,57
94385,,,20
94477,,,21
94481,Aladfar,η,20
94490,,,54
94620,,,1
94643,,ψ,42
94645,Gumala,,
94648,,τ,60
94703,,,1
94713,,θ,21
94724,,τ,
94727,,,22
94779,,κ,1
94820,,,43
94827,,,2
94834,,ω¹,25
94885,,,23
94913,,,24
94982,,,28
95002,,ω²,29
95066,,,26
95073,,,27
95081,,π,58
95124,Belel,,
95168,,ρ¹,44
95176,,υ,46
95188,,ρ²,45
95241,Arkab Prior,β¹,
95260,,,3
95261,,η,
95262,Sika,,
95294,Arkab Posterior,β²,
95347,Rukbat,α,
95372,,,2
95398,,,2
95435,,,3
95447,,,31
95477,,χ¹,47
95486,,χ²,48
95498,,,4
95501,,δ,30
95503,,χ³,49
95556,,,4
95560,,,5
95564,,,50
95585,,ν,32
95656,,,7
95771,,α,6
95785,,,8
95793,,,35
95818,,,7
95853,,ι,10
95932,,μ,
95937,,,36
95947,Albireo,β¹,6
95951,,β²,6
96052,,,8
96078,Uruk,,
96100,Alsafi,σ,61
96229,,μ,38
96275,,,9
96302,,,9
96327,,,37
96341,,ι,
96387,,,11
96406,,,51
96441,,θ,13
96465,,,52
96468,,ι,41
96483,,κ,39
96516,,ε,4
96556,,,42
96665,,σ,44
96683,,φ,12
96693,,,14
96729,,,53
96757,Sham,α,5
96807,,,45
96808,,,54
96837,,β,6
96895,,,16
96901,,,16
96931,,,46
96950,,,55
96957,,χ,47
97077,,,10
97118,,,15
97139,,ψ,48
97165,Fawaris,δ,18
97229,,υ,49
97278,Tarazed,γ,50
97290,,,56
97295,,,17
97365,,δ,7
97421,,ν,
97433,,ε,63
97473,,π,52
97496,,ζ,8
97629,,χ,
97630,,,19
97635,,,20
97649,Altair,α,53
97650,,,51
97675,,ο,54
97679,,,12
97783,,,57
97796,,,9
97804,,η,55
97870,,,23
97886,,,13
97928,,,56
97938,Libertas,ξ,59
97966,,,57
97967,,,57
97980,,,58
98032,,ι,
98036,Alshain,β,60
98055,,ψ,24
98066,Terebellum,ω,58
98068,,,22
98085,,,10
98103,,φ,61
98110,,η,21
98162,,,59
98234,,,11
98258,,,61
98337,,γ,12
98353,,,60
98375,,,14
98401,,,69
98412,,θ¹,
98421,,θ²,
98425,,,25
98438,,,13
98478,,μ¹,
98495,,ε,
98543,,,15
98571,,,26
98583,,,64
98624,,μ²,
98633,,,63
98636,,,16
98658,,,65
98688,,,62
98702,,ρ,67
98754,,,14
98819,,,15
98823,Tianfu,τ,63
98844,,,62
98920,,η,16
98953,,,65
98962,,,66
99031,,,27
99080,,,17
99120,,ξ,
99171,,,64
99240,,δ,
99255,,κ,1
99303,,,28
99352,,θ,17
99404,,,18
99473,Antinous,θ,65
99500,,,68
99518,,,19
99529,,ξ¹,1
99531,,,20
99572,,ξ,2
99631,,,66
99639,,,30
99655,,,33
99675,,ο¹,31
99711,Phoenicia,,
99738,,,21
99742,,ρ,67
99770,,,29
99848,,ο²,32
99853,,,22
99874,,,23
99894,Chechia,,
99913,,,18
99918,,,3
99951,,,24
100027,,α¹,5
100044,,,34
100062,,,4
100064,Algedi,α²,6
100108,,,36
100122,,,35
100195,,σ,7
100221,,,71
100310,Alshat,ν,8
100325,,β²,
100345,Dabih,β,9
100435,,,25
100453,Sadr,γ,37
100469,,κ¹,
100587,,,39
100591,,κ²,
100751,Peacock,α,
100859,,,43
100881,,π,10
100907,,,40
100965,,,75
100977,,,68
101027,,ρ,11
101067,,,42
101076,,,41
101082,,,74
101093,,θ,2
101101,,,69
101120,,ο,12
101123,,ο,12
101138,,ω¹,45
101160,,,1
101214,,,44
101243,,ω²,46
101260,,,73
101421,Aldulfin,ε,2
101474,,,47
101477,,ν,
101483,,η,3
101589,,ζ,4
101612,,φ¹,
101641,,,26
101692,,,70
101716,,,27
101751,,τ¹,13
101765,,,48
101769,Rotanev,β,6
101772,,α,
101773,,ρ,
101800,,ι,5
101847,,,71
101867,,,29
101868,,,28
101882,,θ,8
101916,,κ,7
101923,,τ,14
101936,,,1
101958,Sualocin,α,9
101983,,φ²,
101984,,υ,15
102066,,,49
102080,,,10
102098,Deneb,α,50
102125,,μ²,
102157,,υ,
102162,,μ¹,
102177,,,51
102208,,,76
102253,,,4
102281,,δ,11
102333,,η,
102388,,,30
102395,,β,
102422,,η,3
102431,,υ¹,
102453,,,52
102485,,ψ,16
102487,,,17
102488,Aljanah,ε,53
102531,,γ¹,12
102532,,γ²,12
102589,,λ,54
102618,Albali,ε,2
102624,,,3
102633,,,13
102693,,ι,
102724,,,55
102773,,σ,
102790,,ζ,
102805,,,15
102819,,,14
102831,,α,
102843,,,56
102945,,,4
102950,,ι,
102978,,ω,18
102989,,β,
103004,,,31
103005,,,5
103045,,μ,6
103089,,,57
103200,,,32
103226,,,19
103227,,β,
103294,,,17
103298,,,16
103401,,,7
103413,,ν,58
103511,,,33
103527,Musica,,18
103569,,ε,1
103616,,,20
103632,,,59
103682,,,11
103732,,,60
103738,,γ,
103813,,λ,2
103882,,ζ,
103981,,,12
104019,,η,22
104031,,,3
104043,,α,
104060,,ξ,62
104085,,μ,
104101,,,4
104105,,,77
104139,,θ,23
104148,,δ,
104174,,,2
104177,,η,
104194,,,63
104214,,,61
104217,,,61
104234,,,24
104365,,χ,25
104382,Polaris Australis,σ,
104452,,,27
104459,,ν,13
104521,,γ,5
104538,,,6
104732,,ζ,64
104750,,,3
104755,,ο,
104858,,δ,7
104887,,τ,65
104963,,φ,28
104974,,,29
104987,Kitalpha,α,8
105102,,σ,67
105138,,υ,66
105140,,ε,
105143,,,30
105164,,,15
105168,,,31
105186,,,68
105199,Alderamin,α,5
105268,,,6
105319,,θ,
105382,,θ¹,
105411,,,34
105412,,,16
105413,,,9
105502,,,1
105515,,ι,32
105570,,β,10
105574,,,17
105665,,,33
105668,,,18
105696,,θ²,
105729,,,20
105761,,,19
105767,,,21
105811,,,69
105841,,γ,
105858,,γ,
105881,,ζ,34
105928,,,35
105942,,,70
105966,,,35
105972,,,7
106032,Alfirk,β,8
106039,,,36
106067,,,5
106093,,,71
106140,,,2
106278,Sadalsuud,β,22
106327,,ξ,
106340,,,6
106481,,ρ,73
106551,,,72
106559,,,37
106654,,,8
106703,,,7
106711,,,74
106723,,ε,39
106783,,,3
106786,Bunda,ξ,23
106787,,,5
106801,,,9
106824,Sāmaya,,
106856,,,4
106942,,,24
106944,,,25
106985,Nashira,γ,40
106999,,,75
107089,,ν,
107095,,,42
107097,,,76
107119,,,11
107128,,,41
107136,Azelfafage,π¹,80
107144,,,26
107151,,,7
107162,,,77
107188,,κ,43
107230,,,78
107232,,,44
107251,Bosona,,
107253,,,79
107259,Garnet Star,μ,
107302,,,45
107310,,μ¹,78
107315,Enif,ε,8
107348,,,9
107354,,κ,10
107380,,ι,9
107382,,,46
107418,,ν,10
107472,,,12
107487,,,47
107517,,λ,48
107533,,π²,81
107556,Deneb Algedi,δ,49
107575,,,11
107586,,,12
107608,,θ,10
107763,,,14
107788,,,13
107835,,ο,
107843,,λ,
107975,,,15
108022,,,16
108036,,μ,51
108085,Aldhanab,γ,
108165,,,13
108281,,π,
108339,,,17
108375,Itonda,,
108431,,δ,
108478,,κ,
108535,,,16
108612,,,18
108661,,η,12
108691,,,28
108693,,,20
108699,,,19
108772,,,14
108797,,,29
108868,,,30
108870,,ε,
108874,,ο,31
108875,,,21
108917,Kurhah,ξ,17
108924,,,18
108925,,,15
108952,,,13
108991,,,32
109005,,,20
109017,,,19
109056,,,23
109068,,ν,22
109074,Sadalmelik,α,34
109081,,κ,
109111,,λ,
109139,,ι,33
109176,,ι,24
109240,,,25
109268,Alnair,α,
109285,,μ,14
109289,,υ,
109332,,,35
109352,,π¹,27
109400,,,24
109410,,π,29
109422,,τ,15
109427,Biham,θ,26
109458,,,28
109460,,,37
109472,,,38
109492,,ζ,21
109556,,λ,22
109624,,,39
109786,,,41
109789,,λ,16
109857,,ε,23
109908,,μ¹,
109937,,,1
109973,,μ²,
110000,,,42
110003,Ancha,θ,43
110023,,,44
110078,,ψ,
110103,,,25
110130,Lang-Exster,α,
110179,,,45
110256,,ε,
110273,,ρ,46
110298,,,30
110351,,,2
110371,,,32
110386,,,31
110391,,,47
110395,Sadachbia,γ,48
110478,,π¹,
110506,,π²,
110529,,,49
110538,,β,3
110548,,,33
110578,,,51
110602,,,50
110609,,,4
110618,,ν,
110672,,π,52
110778,,,53
110785,,,34
110787,,,28
110813,Lionrock,,
110817,,,26
110838,,δ,
110882,,,35
110936,,ν,
110960,,ζ¹,55
110986,,,36
110988,,δ,27
110991,,δ,27
110997,,δ¹,
111022,,,5
111043,,δ²,
111056,,ρ,29
111062,,,37
111068,,,38
111086,,,56
111104,,,6
111123,,σ,57
111138,,ζ,
111169,Stellio,α,7
111188,,β,17
111196,,υ,
111200,,,58
111278,,,39
111310,,ν,
111394,,,60
111449,,υ,59
111497,,η,62
111532,,,31
111544,,,8
111546,,,8
111594,,σ¹,
111643,,σ²,
111674,,,9
111710,Situla,κ,63
111797,,,30
111810,,,40
111841,,,10
111884,,,41
111944,,,11
111954,,ε,18
112029,Homam,ζ,42
112031,,,12
112051,,ο,43
112102,,,19
112122,Tiaki,β,
112158,Matar,η,44
112179,,,67
112203,,ρ,
112211,,,66
112242,,,13
112358,,,45
112374,,η,
112405,,β,
112440,,λ,47
112447,,ξ,46
112529,,,68
112542,,τ¹,69
112615,,,70
112623,,ε,
112716,,τ²,71
112724,,ι,32
112748,Sadalbari,μ,48
112778,,,14
112781,,ξ,
112862,,,21
112917,,,15
112935,,σ,49
112948,,γ,22
112961,,λ,73
113031,,,74
113044,,τ¹,
113127,,,78
113136,Skat,δ,76
113137,,ρ,
113148,,,77
113167,,,1
113186,,ρ,50
113190,,τ²,
113191,,τ²,
113246,,δ,23
113281,,,16
113288,Tengshe,,
113307,,τ³,
113357,Helvetios,,51
113368,Fomalhaut,α,24
113503,,,52
113521,,,2
113610,,,3
113638,,ζ,
113674,,,81
113726,,ο,1
113781,,,82
113788,,,2
113860,,π,
113881,Scheat,β,53
113889,Fumalsamakah,β,4
113919,,,3
113957,,κ,
113963,Markab,α,54
113996,,,83
114104,,,1
114119,,,86
114131,,θ,
114132,,υ,
114144,,,55
114155,,,56
114200,,,4
114210,,,5
114222,,π,33
114273,,,5
114322,Ebla,,
114341,,,88
114347,,,57
114365,,,2
114375,,,89
114389,,,58
114421,,ι,
114430,,,6
114520,,,59
114526,,,60
114570,,,7
114724,,φ,90
114844,,,61
114855,,ψ¹,91
114939,,χ,92
114971,,γ,6
114996,,γ,
115022,,,8
115033,,ψ²,93
115054,,φ,
115065,,,9
115088,,ο,34
115102,,γ,
115115,,ψ³,95
115126,,,94
115142,,,96
115152,,,11
115191,,,10
115227,,,7
115250,Salm,τ,62
115271,,,63
115280,,,12
115355,,,64
115404,,,97
115407,,,65
115438,,,98
115444,,,66
115590,,,4
115591,,,67
115623,Alkarab,υ,68
115669,,,99
115713,,ο,
115738,,κ,8
115755,,,13
115768,,,9
115806,,,69
115830,,θ,10
115836,,τ,
115919,,,70
116076,Veritate,,14
116084,Poerava,,
116118,,,100
116146,,,13
116231,,β,
116247,,,101
116264,,,71
116310,,,72
116323,,,14
116354,,,15
116355,,,73
116389,,ι,
116422,,,15
116495,,,16
116584,,λ,16
116592,,,74
116611,,,75
116631,,ι,17
116709,,,18
116727,Errai,γ,35
116737,,θ,
116758,,ω¹,102
116771,,ι,17
116805,,κ,19
116820,,μ,
116889,,,103
116901,,,104
116904,,,104
116928,,λ,18
116971,,ω²,105
116972,,,76
117020,,,77
117073,,,78
117089,,,106
117218,,,107
117221,,ψ,20
117245,,,19
117301,,τ,5
117315,,σ,
117375,,,20
117447,,,6
117452,,δ,
117491,,,21
117500,,,79
117628,,,80
117629,,,108
117683,,,22
117689,,γ¹,
117718,,φ,81
117730,,,82
117761,,,24
117774,,,25
117863,,ρ,7
117927,,,26
118114,,γ²,
118121,,η,
118131,,ψ,84
118178,,,1
118209,,,27
118234,,π,
118243,,σ,8
118268,,ω,28
118319,Axólotl,,
118322,,ε,
